{"cameraMode":{"drawMode":0,"name":"Shaded","section":"Shading Mode"},"sceneLighting":true,"audioPlay":false,"sceneViewState":{"showFog":true,"showMaterialUpdate":false,"showSkybox":true,"showFlares":true,"showImageEffects":true,"showParticleSystems":true},"in2DMode":false,"pivot":{"x":-0.2029999941587448,"y":0.5002665519714356,"z":-5.894999980926514},"rotation":{"x":0.3350082337856293,"y":-0.5378997921943665,"z":0.24568083882331849,"w":0.7336185574531555},"size":7.145724773406982,"orthographic":false}